kernel,shape,BLOCK_M,BLOCK_N,num_warps,num_stages,ms,throughput
flash-decode,4x32x32768x128-decode,4,64,,,7.7856,276 GB/s
flash-decode,4x32x32768x128-decode,4,128,,,7.7893,276 GB/s
flash-decode,4x32x32768x128-decode,4,256,,,7.7638,277 GB/s
flash-decode,4x32x32768x128-decode,8,64,,,7.2086,298 GB/s
flash-decode,4x32x32768x128-decode,8,128,,,6.9934,307 GB/s
flash-decode,4x32x32768x128-decode,8,256,,,7.8425,274 GB/s
flash-decode,4x32x32768x128-decode,16,64,,,7.8369,274 GB/s
flash-decode,4x32x32768x128-decode,16,128,,,7.5539,284 GB/s
flash-decode,4x32x32768x128-decode,16,256,,,7.7050,279 GB/s
flash-decode,4x32x32768x128-decode,32,64,,,7.6245,282 GB/s
flash-decode,4x32x32768x128-decode,32,128,,,7.6085,282 GB/s
flash-decode,4x32x32768x128-decode,32,256,,,7.8703,273 GB/s
attn-fwd,2x16x1024x128,64,32,4,2,0.8568,20.1 TF
attn-fwd,2x16x1024x128,64,32,4,3,1.2222,14.1 TF
attn-fwd,2x16x1024x128,64,32,4,4,1.0571,16.3 TF
attn-fwd,2x16x1024x128,64,32,8,2,1.5133,11.4 TF
attn-fwd,2x16x1024x128,64,32,8,3,1.7155,10.0 TF
attn-fwd,2x16x1024x128,64,32,8,4,1.7167,10.0 TF
attn-fwd,2x16x1024x128,64,64,4,2,1.1204,15.3 TF
attn-fwd,2x16x1024x128,64,64,4,3,0.8431,20.4 TF
attn-fwd,2x16x1024x128,64,64,8,2,1.3372,12.8 TF
attn-fwd,2x16x1024x128,64,64,8,3,1.0911,15.7 TF
attn-fwd,2x16x1024x128,64,128,4,2,0.8839,19.4 TF
attn-fwd,2x16x1024x128,64,128,8,2,0.9886,17.4 TF
attn-fwd,2x16x1024x128,128,32,4,2,0.7374,23.3 TF
attn-fwd,2x16x1024x128,128,32,4,3,1.0224,16.8 TF
attn-fwd,2x16x1024x128,128,32,4,4,0.8666,19.8 TF
attn-fwd,2x16x1024x128,128,32,8,2,0.7690,22.3 TF
attn-fwd,2x16x1024x128,128,32,8,3,0.7719,22.3 TF
attn-fwd,2x16x1024x128,128,32,8,4,0.7482,23.0 TF
attn-fwd,2x16x1024x128,128,64,4,2,0.7987,21.5 TF
attn-fwd,2x16x1024x128,128,64,4,3,0.7849,21.9 TF
attn-fwd,2x16x1024x128,128,64,8,2,0.7062,24.3 TF
attn-fwd,2x16x1024x128,128,64,8,3,0.7013,24.5 TF
attn-fwd,2x16x1024x128,128,128,4,2,1.6426,10.5 TF
attn-fwd,2x16x1024x128,128,128,8,2,0.7890,21.8 TF
attn-fwd,2x16x2048x128,64,32,4,2,3.6732,18.7 TF
attn-fwd,2x16x2048x128,64,32,4,3,4.1984,16.4 TF
attn-fwd,2x16x2048x128,64,32,4,4,4.5391,15.1 TF
attn-fwd,2x16x2048x128,64,32,8,2,5.6823,12.1 TF
attn-fwd,2x16x2048x128,64,32,8,3,6.5958,10.4 TF
attn-fwd,2x16x2048x128,64,32,8,4,6.5630,10.5 TF
attn-fwd,2x16x2048x128,64,64,4,2,3.9014,17.6 TF
attn-fwd,2x16x2048x128,64,64,4,3,3.6906,18.6 TF
attn-fwd,2x16x2048x128,64,64,8,2,5.3715,12.8 TF
attn-fwd,2x16x2048x128,64,64,8,3,4.8618,14.1 TF
attn-fwd,2x16x2048x128,64,128,4,2,3.7537,18.3 TF
attn-fwd,2x16x2048x128,64,128,8,2,4.4696,15.4 TF
attn-fwd,2x16x2048x128,128,32,4,2,3.1945,21.5 TF
attn-fwd,2x16x2048x128,128,32,4,3,3.6764,18.7 TF
attn-fwd,2x16x2048x128,128,32,4,4,3.5339,19.4 TF
attn-fwd,2x16x2048x128,128,32,8,2,3.2137,21.4 TF
attn-fwd,2x16x2048x128,128,32,8,3,3.3807,20.3 TF
attn-fwd,2x16x2048x128,128,32,8,4,3.1845,21.6 TF
attn-fwd,2x16x2048x128,128,64,4,2,3.5107,19.6 TF
attn-fwd,2x16x2048x128,128,64,4,3,3.4360,20.0 TF
attn-fwd,2x16x2048x128,128,64,8,2,3.0018,22.9 TF
attn-fwd,2x16x2048x128,128,64,8,3,3.4760,19.8 TF
attn-fwd,2x16x2048x128,128,128,4,2,7.5184,9.1 TF
attn-fwd,2x16x2048x128,128,128,8,2,3.8552,17.8 TF
attn-fwd,2x16x4096x128,64,32,4,2,17.1673,16.0 TF
attn-fwd,2x16x4096x128,64,32,4,3,20.0603,13.7 TF
attn-fwd,2x16x4096x128,64,32,4,4,20.8247,13.2 TF
attn-fwd,2x16x4096x128,64,32,8,2,26.3767,10.4 TF
attn-fwd,2x16x4096x128,64,32,8,3,26.4857,10.4 TF
attn-fwd,2x16x4096x128,64,32,8,4,27.6988,9.9 TF
attn-fwd,2x16x4096x128,64,64,4,2,18.4946,14.9 TF
attn-fwd,2x16x4096x128,64,64,4,3,15.3934,17.9 TF
attn-fwd,2x16x4096x128,64,64,8,2,24.7541,11.1 TF
attn-fwd,2x16x4096x128,64,64,8,3,21.2312,12.9 TF
attn-fwd,2x16x4096x128,64,128,4,2,16.7936,16.4 TF
attn-fwd,2x16x4096x128,64,128,8,2,19.3031,14.2 TF
attn-fwd,2x16x4096x128,128,32,4,2,13.3041,20.7 TF
attn-fwd,2x16x4096x128,128,32,4,3,16.2156,17.0 TF
attn-fwd,2x16x4096x128,128,32,4,4,14.7146,18.7 TF
attn-fwd,2x16x4096x128,128,32,8,2,14.2281,19.3 TF
attn-fwd,2x16x4096x128,128,32,8,3,14.3171,19.2 TF
attn-fwd,2x16x4096x128,128,32,8,4,13.6277,20.2 TF
attn-fwd,2x16x4096x128,128,64,4,2,14.7496,18.6 TF
attn-fwd,2x16x4096x128,128,64,4,3,14.9204,18.4 TF
attn-fwd,2x16x4096x128,128,64,8,2,13.9661,19.7 TF
attn-fwd,2x16x4096x128,128,64,8,3,13.9516,19.7 TF
attn-fwd,2x16x4096x128,128,128,4,2,25.1780,10.9 TF
attn-fwd,2x16x4096x128,128,128,8,2,12.8525,21.4 TF
attn-fwd,2x16x8192x128,64,32,4,2,59.9156,18.4 TF
attn-fwd,2x16x8192x128,64,32,4,3,66.8741,16.4 TF
attn-fwd,2x16x8192x128,64,32,4,4,70.4963,15.6 TF
attn-fwd,2x16x8192x128,64,32,8,2,91.1297,12.1 TF
attn-fwd,2x16x8192x128,64,32,8,3,105.2705,10.4 TF
attn-fwd,2x16x8192x128,64,32,8,4,115.0259,9.6 TF
attn-fwd,2x16x8192x128,64,64,4,2,70.8055,15.5 TF
attn-fwd,2x16x8192x128,64,64,4,3,60.7849,18.1 TF
attn-fwd,2x16x8192x128,64,64,8,2,98.8615,11.1 TF
attn-fwd,2x16x8192x128,64,64,8,3,82.4950,13.3 TF
attn-fwd,2x16x8192x128,64,128,4,2,66.8316,16.5 TF
attn-fwd,2x16x8192x128,64,128,8,2,76.3994,14.4 TF
attn-fwd,2x16x8192x128,128,32,4,2,48.4737,22.7 TF
attn-fwd,2x16x8192x128,128,32,4,3,66.6695,16.5 TF
attn-fwd,2x16x8192x128,128,32,4,4,55.2253,19.9 TF
attn-fwd,2x16x8192x128,128,32,8,2,51.6581,21.3 TF
attn-fwd,2x16x8192x128,128,32,8,3,52.8427,20.8 TF
attn-fwd,2x16x8192x128,128,32,8,4,50.3786,21.8 TF
attn-fwd,2x16x8192x128,128,64,4,2,54.5344,20.2 TF
attn-fwd,2x16x8192x128,128,64,4,3,54.8148,20.1 TF
attn-fwd,2x16x8192x128,128,64,8,2,54.6510,20.1 TF
attn-fwd,2x16x8192x128,128,64,8,3,48.1279,22.8 TF
attn-fwd,2x16x8192x128,128,128,4,2,102.8655,10.7 TF
attn-fwd,2x16x8192x128,128,128,8,2,50.9941,21.6 TF
attn-fwd,2x32x4096x64,64,32,4,2,12.3296,22.3 TF
attn-fwd,2x32x4096x64,64,32,4,3,12.5259,21.9 TF
attn-fwd,2x32x4096x64,64,32,4,4,12.7857,21.5 TF
attn-fwd,2x32x4096x64,64,32,8,2,24.4217,11.3 TF
attn-fwd,2x32x4096x64,64,32,8,3,24.8102,11.1 TF
attn-fwd,2x32x4096x64,64,32,8,4,23.8312,11.5 TF
attn-fwd,2x32x4096x64,64,64,4,2,11.9956,22.9 TF
attn-fwd,2x32x4096x64,64,64,4,3,12.3122,22.3 TF
attn-fwd,2x32x4096x64,64,64,4,4,14.2270,19.3 TF
attn-fwd,2x32x4096x64,64,64,8,2,26.8335,10.2 TF
attn-fwd,2x32x4096x64,64,64,8,3,24.9137,11.0 TF
attn-fwd,2x32x4096x64,64,64,8,4,22.6265,12.1 TF
attn-fwd,2x32x4096x64,128,32,4,2,11.4156,24.1 TF
attn-fwd,2x32x4096x64,128,32,4,3,11.6270,23.6 TF
attn-fwd,2x32x4096x64,128,32,4,4,12.9230,21.3 TF
attn-fwd,2x32x4096x64,128,32,8,2,13.6708,20.1 TF
attn-fwd,2x32x4096x64,128,32,8,3,11.8336,23.2 TF
attn-fwd,2x32x4096x64,128,32,8,4,11.2568,24.4 TF
attn-fwd,2x32x4096x64,128,64,4,2,11.1583,24.6 TF
attn-fwd,2x32x4096x64,128,64,4,3,10.9811,25.0 TF
attn-fwd,2x32x4096x64,128,64,4,4,12.8776,21.3 TF
attn-fwd,2x32x4096x64,128,64,8,2,12.5744,21.9 TF
attn-fwd,2x32x4096x64,128,64,8,3,11.6967,23.5 TF
attn-fwd,2x32x4096x64,128,64,8,4,11.9976,22.9 TF
attn-bwd,2x8x1024x128,64,64,4,2,1.7204,12.5 TF
attn-bwd,2x8x1024x128,64,64,8,2,1.8978,11.3 TF
attn-bwd,2x8x4096x128,64,64,4,2,23.7419,14.5 TF
attn-bwd,2x8x4096x128,64,64,8,2,26.2724,13.1 TF
attn-causal,2x16x4096x128-causal,64,64,4,2,7.9759,34.5 TF
attn-causal,2x16x4096x128-causal,64,64,4,3,7.3027,37.6 TF
attn-causal,2x16x4096x128-causal,64,64,8,2,9.7283,28.3 TF
attn-causal,2x16x4096x128-causal,64,64,8,3,9.4120,29.2 TF
attn-causal,2x16x4096x128-causal,64,128,4,2,6.8751,40.0 TF
attn-causal,2x16x4096x128-causal,64,128,8,2,9.3498,29.4 TF
attn-causal,2x16x4096x128-causal,128,64,4,2,8.4867,32.4 TF
attn-causal,2x16x4096x128-causal,128,64,4,3,12.5909,21.8 TF
attn-causal,2x16x4096x128-causal,128,64,8,2,7.0021,39.3 TF
attn-causal,2x16x4096x128-causal,128,64,8,3,6.5028,42.3 TF
attn-causal,2x16x4096x128-causal,128,128,4,2,80.1387,3.4 TF
attn-causal,2x16x4096x128-causal,128,128,8,2,6.5286,42.1 TF
layernorm,4096x1024,1024,,1,,0.0566,444 GB/s
layernorm,4096x1024,1024,,2,,0.1009,250 GB/s
layernorm,4096x1024,1024,,4,,0.1168,215 GB/s
layernorm,4096x1024,1024,,8,,0.0571,440 GB/s
layernorm,4096x1024,1024,,16,,0.1088,231 GB/s
layernorm,4096x4096,4096,,1,,0.2174,463 GB/s
layernorm,4096x4096,4096,,2,,0.3018,334 GB/s
layernorm,4096x4096,4096,,4,,0.2207,456 GB/s
layernorm,4096x4096,4096,,8,,0.2384,422 GB/s
layernorm,4096x4096,4096,,16,,0.2486,405 GB/s
layernorm,1024x16384,16384,,1,,23.9559,4 GB/s
layernorm,1024x16384,16384,,2,,9.1620,11 GB/s
layernorm,1024x16384,16384,,4,,0.2267,444 GB/s
layernorm,1024x16384,16384,,8,,0.2444,412 GB/s
layernorm,1024x16384,16384,,16,,0.2388,422 GB/s
